{
    "Homeodomain":
        [
            0.5599999999999999,
            "identity"
        ],
    "Myb/SANT":
        [
            0.5352380952380952,
            "identity"
        ],
      
}
