{
    "AP2": [
        0.391608,
        "blosum62"
    ],
    "C2H2 ZF": [
        0.195804,
        "identity"
    ],
    "DM": [
        0.924242,
        "blosum62"
    ],
    "E2F": [
        0.958625,
        "blosum62"
    ],
    "Ets": [
        0.937063,
        "identity"
    ],
    "Forkhead": [
        0.27331,
        "blosum62"
    ],
    "GATA": [
        0.370047,
        "identity"
    ],
    "HSF": [
        1.0,
        "blosum62"
    ],
    "Homeodomain": [
        0.561772,
        "identity"
    ],
    "Myb/SANT": [
        0.535548,
        "identity"
    ],
    "NAC/NAM": [
        0.434732,
        "blosum62"
    ],
    "Nuclear receptor": [
        0.916667,
        "blosum62"
    ],
    "Pipsqueak": [
        0.229021,
        "identity"
    ],
    "RFX": [
        0.856643,
        "blosum62"
    ],
    "SBP": [
        0.900932,
        "blosum62"
    ],
    "Sox": [
        0.93648,
        "identity"
    ],
    "T-box": [
        0.768648,
        "identity"
    ],
    "Zinc cluster": [
        0.182401,
        "identity"
    ],
    "bHLH": [
        0.229021,
        "identity"
    ],
    "bZIP": [
        0.134033,
        "blosum62"
    ]
}